Agent_ID,Agent_Name,Email,Phone_Number,Address
1,Idika Dhaliwal,ndara@example.org,+912779943085,"76/75, Kala Nagar, Gorakhpur 025550"
2,Ria Chatterjee,nitesh22@example.org,07688588200,"H.No. 446, Patil Street, Dibrugarh-289762"
3,Ishani Nagar,vivaanbadami@example.com,7740583229,"H.No. 82, Vohra Path, Parbhani 229407"
4,Rachana Ramakrishnan,thalder@example.org,00921510551,"H.No. 43, Kamdar Street, Jamnagar 904909"
5,Nathaniel Chopra,ishani26@example.org,2238680727,"96, Bir Circle, Loni 905714"
6,Neha Badami,kvirk@example.com,+910405315582,"86/902, Sahni Path, Rourkela-097193"
7,Unni Kashyap,m@example,01438732221,"37/71, Kalita Marg, Rajahmundry-274997"
8,Ojas Kashyap,manan97@example.org,+914148763055,"417, Mitra Road, Jhansi-250629"
9,Ryan Ramakrishnan,rvarghese@example.com,8260905605,"08, Panchal Road, Vellore-014907"
10,Jeevika Kapur,xiti30@example.org,03961960116,"30/708, Dutt Path, Aurangabad-558571"
11,Tamanna Soni,luthramax@example.org,4438079661,"48/039, Gulati Path, Shimla 896037"
12,Caleb Bhandari,khoslaanay@example.com,09554338673,"99/36, Hayer Path, Bhiwandi-590766"
13,Jai Basu,manbir29@example.com,+917021026074,"49, Bandi Zila, Thoothukudi 140302"
14,Victor Soman,t@example,+917597715387,"02/86, Golla Marg, Madurai 460450"
15,Chakradhar Dua,lraju@example.net,08501879247,"H.No. 38, Sood Ganj, Panipat-552265"
16,Jacob Lall,jeetkrishna@example.net,02538622699,"09/69, Chatterjee Street, Ballia-778262"
17,Baljiwan Talwar,malhotrakalpit@example.org,00601356549,"H.No. 639, Roy Street, Kavali 338624"
18,Devika Sankaran,meghahora@example.org,4307414027,"H.No. 353, Hari Path, Ghaziabad-005258"
19,Chatura Sami,hdesai@example.net,+912835267651,"41/246, Thaker Ganj, Yamunanagar-439324"
20,Laban Banik,tedwin@example.com,6852384407,"03/004, Kale Marg, New Delhi-363799"
21,Harinakshi Vig,chakrika76@example.com,02376088242,"H.No. 73, Chowdhury Marg, New Delhi-491482"
22,Nachiket Ahuja,theodoremisra@example.org,+914591498185,"29, Mohanty Circle, Solapur-461011"
23,Vaishnavi Dalal,urishilla63@example.com,00177774977,"98/86, Dua Circle, Jammu-045056"
24,Ucchal Barad,manyaravel@example.org,+919228073719,"H.No. 777, Bains Path, Shimoga-636817"
25,Jai Datta,unazareth@example.com,09613381717,"91/500, Bhatnagar, Gaya 657084"
26,Agastya Samra,balhaarpatla@example.com,9023027676,"38/03, Kapadia Nagar, Bardhaman-652080"
27,Onveer Ramaswamy,narayansamaksh@example.net,+914734508395,"19/949, Babu Circle, Kozhikode 131514"
28,Manthan Brahmbhatt,imunshi@example.org,04297863662,"14, Bhatt, Thrissur 217360"
29,Anamika Bhargava,vsachar@example.org,3263637557,"H.No. 20, Chandra Street, Berhampur 334161"
30,Samaksh Sheth,rsethi@example.com,06843110313,"75, Agrawal Circle, Alwar-190175"
31,Keya Karan,jrau@example.com,04337830929,"109, Narayan Chowk, South Dumdum-620494"
32,Indira Mandal,michaelviswanathan@example.com,+915260968808,"20, Uppal Marg, Tiruppur 852740"
33,Banjeet Sama,naksh00@example.com,8390150572,"H.No. 83, Pau Circle, Patna 340460"
34,Kashvi Nagi,ekarajwable@example.org,00069885111,"26/203, Yohannan Circle, Belgaum-537971"
35,Aadi Prabhakar,fahluwalia@example.org,+918730771696,"H.No. 838, Mallick Street, Jaunpur-446013"
36,Mekhala Bhargava,hardik90@example.com,6279234105,"34, Bhavsar, Miryalaguda 783140"
37,Maya Parsa,darpan84@example.org,6599856961,"H.No. 119, Sankar Path, Nellore-161329"
38,Oviya Bhakta,nayarvivaan@example.org,+915285363729,"687, Buch Chowk, Kurnool 093403"
39,Pooja Parmar,chaitalygupta@example.net,01673855142,"79, Iyengar Zila, Kolhapur 035058"
40,Shravya Das,jagate@example.org,+911874523520,"07, Bains Circle, Khandwa-558357"
41,Zaitra Chaudry,sudiksha53@example.com,09369227061,"65/633, Puri Nagar, Kolhapur-099656"
42,Victor Sinha,t@example,08210079266,"48, Kar Nagar, Panchkula 328034"
43,Vanya Bhattacharyya,upillai@example.org,08919351330,"58, Malhotra Chowk, Karimnagar 852898"
44,,mpatla@example.net,08257748906,"36, Grover, Bangalore-104603"
45,Guneet Saha,mbakshi@example.org,+915571332544,"H.No. 57, Wali Circle, Hosur 297801"
46,Mitesh Nori,utkarsh57@example.com,07570190955,"29/952, Subramaniam Marg, Belgaum 823401"
47,Yatan Arora,balveer69@example.net,08403522666,"H.No. 32, Mane Marg, Moradabad 629621"
48,Xiti Hari,hamsini36@example.org,+910891785828,"60/03, Sheth, Madanapalle-285258"
49,,dhritibassi@example.com,+918216134271,"H.No. 941, Kothari, Ranchi-119019"
50,Nidhi Baral,kotaorinder@example.net,5564673210,"38, Merchant Zila, Suryapet 704929"
51,Indira Banerjee,vrishti98@example.org,06104819624,"15/37, Pai Zila, Mehsana 182153"
52,Rajeshri Choudhary,zaitra26@example.org,+919573957007,"H.No. 96, Rattan Nagar, Karnal-368604"
53,Yug Varghese,masonwable@example.com,2750383814,"96/28, Devi Marg, Jhansi-796026"
54,,anushasaha@example.com,3087880071,"H.No. 359, Brahmbhatt, Chapra-525269"
55,,neelima55@example.com,00525931380,"257, Salvi Ganj, Ambattur-835219"
56,Jyoti Chacko,gautami50@example.net,02022517936,"H.No. 50, Ramesh Road, Kurnool-734477"
57,Tripti Mandal,gaurika65@example.com,07284686837,"H.No. 82, Pandit Ganj, Hindupur-772211"
58,Yashica Kota,j@example,06979731961,"H.No. 28, Uppal Ganj, Ballia 277104"
59,Zaitra Tiwari,saumyawali@example.org,6552780111,"62, Chaudhari Marg, Nagercoil 408631"
60,Bhavani Kuruvilla,sanghaanita@example.com,04052630520,"28/131, Iyengar Street, Ramagundam-585425"
61,,tbajwa@example.com,0629155080,"73, Yohannan Chowk, Raichur 705031"
62,Bhavini Manne,lborra@example.net,00650045114,"620, Varghese Chowk, South Dumdum-241115"
63,Leela Nazareth,kalavritti@example.net,+911519876962,"87/68, Walia Chowk, Thoothukudi 809644"
64,Daksha Agarwal,agarwalreyansh@example.org,01638831640,"49, Ratta Road, Kollam-888984"
65,Orinder Kale,aadhyavarghese@example.net,03521610548,"H.No. 94, Kapur Marg, Bongaigaon 657050"
66,Sanya Rama,amritanaidu@example.net,06809486081,"H.No. 86, Choudhry Marg, Gulbarga-263445"
67,Chakradev Upadhyay,garima52@example.org,+911856733936,"409, Mahajan Chowk, Amaravati-751116"
68,Qushi Nath,dalaja40@example.com,6218617230,"576, Bahl Marg, Ambattur-362249"
69,Aradhana Varghese,revasunder@example.org,7735352509,"H.No. 44, Mohanty Marg, Gaya 281627"
70,Anay Sane,mandalyamini@example.org,09414991058,"744, Nadig Circle, Bijapur-023800"
71,Bhavna Chaudhuri,baradjason@example.net,9469991659,"11/430, Shere Ganj, Thanjavur-779154"
72,Vasana Shroff,labanrajagopalan@example.net,+911853248510,"H.No. 99, Ghose Ganj, Rampur-279942"
73,Januja Varkey,ayaan40@example.com,+916537417331,"H.No. 490, Gour Ganj, Panvel 589284"
74,Bachittar Purohit,ekarajgopal@example.org,+912279966336,"88/81, Viswanathan Nagar, Vasai-Virar-183216"
75,Vasatika Rao,bhattanvi@example.org,6676756619,"618, Ravel Circle, Jamshedpur-064288"
76,Advaith Bumb,mkurian@example.org,06297168221,"27/986, Lad Nagar, Hajipur 907440"
77,Ojas Purohit,zilmil28@example.org,+911570953872,"98, Choudhry Nagar, Indore 935581"
78,Chakrika Bandi,rameshbhanumati@example.org,05440103181,"H.No. 462, Dasgupta Chowk, Madhyamgram-692468"
79,Harinakshi Mukherjee,ronithmerchant@example.com,00745365742,"25/55, Goel Zila, Vellore-506169"
80,Gaurang Ramanathan,ogaba@example.com,5526579302,"756, Oommen Chowk, Munger 264122"
81,Tarak Parmer,jhaveriqushi@example.org,03245626930,"28/885, Reddy Nagar, Jalgaon-088574"
82,Ishwar Krish,ekalingashenoy@example.net,05581392340,"H.No. 660, Kunda Street, Narasaraopet-526496"
83,Abha Dayal,qgara@example.org,2274785353,"95/825, Karnik Ganj, Shimoga 313364"
84,Ekavir Singhal,nidrasachar@example.net,09648151232,"H.No. 778, Chaudhari Chowk, Ulhasnagar 039730"
85,Peter Narain,dmammen@example.com,+916224340164,"83/881, Barad Chowk, Allahabad-014264"
86,Nihal Tripathi,dkhalsa@example.org,00948971981,"H.No. 44, Bahri Zila, Satara-251195"
87,Gopal Issac,qasimbhatia@example.org,6762134753,"35, Rama Marg, Sri Ganganagar 041704"
88,Umang Mukhopadhyay,aayush41@example.com,+919319852228,"378, Kade Road, Thrissur-540223"
89,Vanya Dayal,luthraekaja@example.org,04937028801,"H.No. 47, Vala Marg, Kavali 152465"
90,Geetika Dass,sekhonnachiket@example.com,03215714744,"H.No. 634, Bhatti Ganj, Nagaon 247003"
91,Reyansh Kalita,barkhasubramaniam@example.org,+916436771054,"270, Murthy Road, Kulti 426796"
92,Vedant Mann,rchandran@example.org,09246225018,"H.No. 326, Batta Circle, Satara-535572"
93,Vyanjana Bedi,manndakshesh@example.com,+915113440644,"95/659, Baral Marg, Saharsa 000105"
94,Pavani Sanghvi,fiyaz50@example.org,3202444051,"H.No. 138, Swamy Marg, Narasaraopet-903259"
95,Sai Kohli,tanay75@example.com,+916995146452,"155, Gulati Chowk, Pudukkottai-548264"
96,Devika Setty,hredhaanvyas@example.net,+918771356163,"24/241, Chada Nagar, Darbhanga 423653"
97,Unnati Mandal,yanand@example.net,+914102273704,"H.No. 368, Tiwari Street, Parbhani 959092"
98,Anvi Kata,zaitra48@example.net,03978494670,"49, Sem Road, Pudukkottai-949306"
99,Ria Nair,aarini31@example.org,+919324546037,"H.No. 397, Dhingra Chowk, North Dumdum-344151"
100,Rehaan Babu,pillaiagastya@example.org,+918012866784,"21, Dora Street, Srinagar-821710"
